label,treatment,flux,swc,ts,date_time,year,yday,time,ftime,Soil_C
1,Disturbance,1.424,0,25.65,2023-06-06T12:04:00Z,2023,157,1,1,
1,Disturbance,1.347666667,0,30.13,2023-06-09T14:11:00Z,2023,160,4,4,
1,Disturbance,2.616666667,0.11,33.17333333,2023-06-12T17:35:40Z,2023,163,7,7,
1,Disturbance,1.935,0.163333333,34.37333333,2023-06-16T17:02:20Z,2023,167,11,11,
1,Disturbance,1.388,0.25,24.83,2023-06-23T15:20:00Z,2023,174,18,18,
1,Disturbance,3.092,0,34.33333333,2023-07-06T15:43:20Z,2023,187,31,31,
1,Disturbance,2.155666667,0.103333333,29.45666667,2023-08-05T13:24:40Z,2023,217,61,61,
1,Disturbance,3.668333333,0.15,36.20333333,2023-08-15T15:47:00Z,2023,227,71,71,
1,Disturbance,1.379333333,0,26.66666667,2023-09-11T13:38:00Z,2023,254,98,98,
1,Disturbance,1.723666667,0.046666667,31.86666667,2023-09-18T16:29:40Z,2023,261,105,105,
1,Disturbance,1.239,0,28.5,2023-09-25T15:09:20Z,2023,268,112,112,
1,Disturbance,1.301,0,30.2,2023-10-02T15:23:30Z,2023,275,119,119,
1,Disturbance,0.493946667,0.343356667,15.10555667,2024-01-29T16:56:06Z,2024,29,210,210,
1,Disturbance,0.805866667,0.356063333,18.41889,2024-01-30T18:30:03Z,2024,30,211,211,
1,Disturbance,0.6088,0.3065,19.16777667,2024-01-31T18:57:08Z,2024,31,212,212,
1,Disturbance,0.397803333,0.378,12.14166667,2024-02-05T17:05:58Z,2024,36,217,217,
1,Disturbance,0.51121,0.28595,19.23333333,2024-02-06T18:39:30Z,2024,37,218,218,
1,Disturbance,0.465556667,0.305076667,17.27111333,2024-02-07T21:00:35Z,2024,38,219,219,
1,Disturbance,0.650363333,0.2508,15.98333333,2024-03-25T15:35:50Z,2024,85,266,266,
1,Disturbance,0.443453333,0.368086667,13.83278,2024-03-27T12:00:20Z,2024,87,268,268,
1,Disturbance,0.386323333,0.274183333,12.52,2024-03-29T13:29:15Z,2024,89,270,270,
1,Disturbance,0.67486,0.127416667,21.54111,2024-04-01T14:04:25Z,2024,92,273,273,
1,Disturbance,1.60912,0.308871667,22.52388667,2024-07-30T12:16:02Z,2024,212,393,393,
1,Disturbance,1.926686667,0.303433333,32.09666667,2024-07-31T15:02:45Z,2024,213,394,394,
1,Disturbance,1.858356667,0.266766667,32.76,2024-08-01T14:23:13Z,2024,214,395,395,
1,Disturbance,1.849266667,0.122333333,31.06666667,2024-08-02T13:35:23Z,2024,215,396,396,
2,NPK,0.733333333,0,25.41,2023-06-06T12:11:00Z,2023,157,1,1,
2,NPK,0.696,0,32.11333333,2023-06-09T14:20:00Z,2023,160,4,4,
2,NPK,1.341666667,0.146666667,31.75333333,2023-06-12T17:27:20Z,2023,163,7,7,
2,NPK,1.052666667,0.14,34.16333333,2023-06-16T16:56:40Z,2023,167,11,11,
2,NPK,0.952666667,0.12,24.17666667,2023-06-23T15:27:20Z,2023,174,18,18,
2,NPK,2.770666667,0.07,34.2,2023-07-06T15:36:40Z,2023,187,31,31,
2,NPK,2.100333333,0,27.45,2023-08-05T13:32:40Z,2023,217,61,61,
2,NPK,2.765333333,0.14,32.65666667,2023-08-15T15:40:00Z,2023,227,71,71,
2,NPK,1.571,0,28.6,2023-09-11T13:45:00Z,2023,254,98,98,
2,NPK,1.414666667,0.03,31.4,2023-09-18T16:24:00Z,2023,261,105,105,
2,NPK,0.917,0,27.8,2023-09-25T15:03:40Z,2023,268,112,112,
2,NPK,0.7505,0,30.6,2023-10-02T15:29:30Z,2023,275,119,119,
2,NPK,0.490503333,0.317476667,17.02222333,2024-01-29T21:04:42Z,2024,29,210,210,
2,NPK,0.551946667,0.35565,19.02666667,2024-01-30T18:25:01Z,2024,30,211,211,
2,NPK,0.55986,0.365466667,18.66666667,2024-01-31T18:52:01Z,2024,31,212,212,
2,NPK,0.320606667,0.309166667,11.9,2024-02-05T17:11:16Z,2024,36,217,217,
2,NPK,0.58225,0.37049,19.78444667,2024-02-06T18:34:19Z,2024,37,218,218,
2,NPK,0.490076667,0.294766667,17.86166667,2024-02-07T20:55:18Z,2024,38,219,219,
2,NPK,0.8484,0.291276667,15.81777667,2024-03-25T15:41:31Z,2024,85,266,266,
2,NPK,0.818226667,0.375662222,13.16666667,2024-03-27T12:06:08Z,2024,87,268,268,
2,NPK,0.604903333,0.347083333,13.38111,2024-03-29T13:34:18Z,2024,89,270,270,
2,NPK,0.720376667,0.221986667,21.80555333,2024-04-01T14:09:35Z,2024,92,273,273,
2,NPK,1.412636667,0.31613,23.28222333,2024-07-30T12:22:08Z,2024,212,393,393,
2,NPK,2.17731,0.25916,30.90222333,2024-07-31T14:57:50Z,2024,213,394,394,
2,NPK,2.368546667,0.21151,32.92055667,2024-08-01T14:28:19Z,2024,214,395,395,
2,NPK,1.86093,0.24231,31.42666667,2024-08-02T13:40:19Z,2024,215,396,396,
3,NPK,1.119666667,0,26.41,2023-06-06T12:19:00Z,2023,157,1,1,
3,NPK,1.138,0,31.99,2023-06-09T14:26:40Z,2023,160,4,4,
3,NPK,2.487,0.033333333,31.96,2023-06-12T17:19:20Z,2023,163,7,7,
3,NPK,2.194333333,0.223333333,34.12666667,2023-06-16T16:50:40Z,2023,167,11,11,
3,NPK,2.115333333,0.27,24.53666667,2023-06-23T15:38:00Z,2023,174,18,18,
3,NPK,4.584333333,0.003333333,34.33333333,2023-07-06T15:30:00Z,2023,187,31,31,
3,NPK,3.797333333,0.056666667,27.98333333,2023-08-05T13:45:20Z,2023,217,61,61,
3,NPK,4.918666667,0.17,31.78666667,2023-08-15T15:33:40Z,2023,227,71,71,
3,NPK,2.035333333,0,28.3,2023-09-11T13:52:00Z,2023,254,98,98,
3,NPK,1.998666667,0,30.4,2023-09-18T16:18:20Z,2023,261,105,105,
3,NPK,1.085,0,27.4,2023-09-25T14:57:20Z,2023,268,112,112,
3,NPK,0.93,0,31.1,2023-10-02T15:34:40Z,2023,275,119,119,
3,NPK,1.282056667,0.189466667,16.55777667,2024-01-29T20:59:15Z,2024,29,210,210,
3,NPK,1.170006667,0.22221,18.88666667,2024-01-30T18:20:04Z,2024,30,211,211,
3,NPK,1.293616667,0.349633333,18.14277667,2024-01-31T18:46:14Z,2024,31,212,212,
3,NPK,0.75879,0.342633333,12.50389,2024-02-05T17:16:24Z,2024,36,217,217,
3,NPK,1.147953333,0.219686667,19.61555333,2024-02-06T18:29:26Z,2024,37,218,218,
3,NPK,1.151936667,0.21364,17.94889,2024-02-07T20:50:21Z,2024,38,219,219,
3,NPK,1.25819,0.235713333,16.45555667,2024-03-25T15:46:38Z,2024,85,266,266,
3,NPK,1.28191,0.285166667,13.03722333,2024-03-27T12:10:59Z,2024,87,268,268,
3,NPK,1.060923333,0.180006667,13.30444333,2024-03-29T13:39:15Z,2024,89,270,270,
3,NPK,1.778093333,0.123556667,21.73888667,2024-04-01T14:14:42Z,2024,92,273,273,
3,NPK,2.20202,0.339917778,23.8,2024-07-30T12:27:58Z,2024,212,393,393,
3,NPK,2.949646667,0.25095,31.255,2024-07-31T14:52:46Z,2024,213,394,394,
3,NPK,3.18636,0.169836667,32.3,2024-08-01T14:33:08Z,2024,214,395,395,
3,NPK,3.345326667,0.08018,30.95777667,2024-08-02T13:45:13Z,2024,215,396,396,
4,Control,1.090666667,0,25.44,2023-06-06T12:28:00Z,2023,157,1,1,
4,Control,0.98,0,33.93666667,2023-06-09T14:37:00Z,2023,160,4,4,
4,Control,1.436333333,0.17,30.17666667,2023-06-12T17:11:20Z,2023,163,7,7,
4,Control,1.367666667,0.29,33.62333333,2023-06-16T16:44:20Z,2023,167,11,11,
4,Control,1.282333333,0.36,25.04333333,2023-06-23T15:44:20Z,2023,174,18,18,
4,Control,2.468333333,0.056666667,34.6,2023-07-06T15:21:40Z,2023,187,31,31,
4,Control,2.148,0,29.35333333,2023-08-05T14:00:00Z,2023,217,61,61,
4,Control,2.659333333,0.26,34.12666667,2023-08-15T15:25:20Z,2023,227,71,71,
4,Control,1.557666667,0,27.8,2023-09-11T14:00:00Z,2023,254,98,98,
4,Control,1.191333333,0,30.3,2023-09-18T16:11:40Z,2023,261,105,105,
4,Control,0.755,0,27.1,2023-09-25T14:50:40Z,2023,268,112,112,
4,Control,0.645666667,0,30.83333333,2023-10-02T15:40:40Z,2023,275,119,119,
4,Control,0.558916667,0.274123333,17.5,2024-01-29T20:33:08Z,2024,29,210,210,
4,Control,0.543496667,0.343473333,20.02333333,2024-01-30T17:58:18Z,2024,30,211,211,
4,Control,0.582226667,0.37248,17.43889,2024-01-31T20:22:53Z,2024,31,212,212,
4,Control,0.46565,0.322283333,13.79444333,2024-02-05T20:02:58Z,2024,36,217,217,
4,Control,0.53282,0.348556667,18.74333333,2024-02-06T18:23:43Z,2024,37,218,218,
4,Control,0.57081,0.272096667,18,2024-02-07T20:32:56Z,2024,38,219,219,
4,Control,0.82393,0.223086667,17.24555667,2024-03-25T15:52:42Z,2024,85,266,266,
4,Control,0.63552,0.304323333,13.07666667,2024-03-27T12:16:49Z,2024,87,268,268,
4,Control,1.02503,0.26613,13.23333333,2024-03-29T13:44:37Z,2024,89,270,270,
4,Control,0.936753333,0.20299,21.9,2024-04-01T14:20:03Z,2024,92,273,273,
4,Control,1.665196667,0.313033333,24.45333333,2024-07-30T12:34:37Z,2024,212,393,393,
4,Control,1.856063333,0.300606667,31.2,2024-07-31T14:47:07Z,2024,213,394,394,
4,Control,2.180846667,0.251093333,32.10833333,2024-08-01T14:38:34Z,2024,214,395,395,
4,Control,2.174683333,0.222766667,30.70666667,2024-08-02T13:50:32Z,2024,215,396,396,
5,NPK+Disturbance,1.205,0,27.14,2023-06-06T12:35:00Z,2023,157,1,1,
5,NPK+Disturbance,1.224666667,0,34.26666667,2023-06-09T14:44:40Z,2023,160,4,4,
5,NPK+Disturbance,2.935,0.26,30.6,2023-06-12T17:02:00Z,2023,163,7,7,
5,NPK+Disturbance,2.366333333,0.17,33.61666667,2023-06-16T16:38:00Z,2023,167,11,11,
5,NPK+Disturbance,2.728666667,0.38,24.97,2023-06-23T15:52:20Z,2023,174,18,18,
5,NPK+Disturbance,4.240333333,0.09,35.56666667,2023-07-06T15:15:00Z,2023,187,31,31,
5,NPK+Disturbance,4.252,0.04,31.72,2023-08-05T14:08:20Z,2023,217,61,61,
5,NPK+Disturbance,14.101,0.193333333,35.46666667,2023-08-15T15:16:00Z,2023,227,71,71,
5,NPK+Disturbance,2.656,0,30.4,2023-09-11T14:09:00Z,2023,254,98,98,
5,NPK+Disturbance,2.421666667,0,30,2023-09-18T16:05:40Z,2023,261,105,105,
5,NPK+Disturbance,1.289333333,0,26.33333333,2023-09-25T14:45:00Z,2023,268,112,112,
5,NPK+Disturbance,1.19,0,30.83333333,2023-10-02T15:46:20Z,2023,275,119,119,
5,NPK+Disturbance,1.31245,0.362713333,18.75,2024-01-29T19:54:51Z,2024,29,210,210,
5,NPK+Disturbance,0.91357,0.33,18.38555667,2024-01-30T17:36:52Z,2024,30,211,211,
5,NPK+Disturbance,0.973843333,0.3362,18.91111,2024-01-31T20:12:05Z,2024,31,212,212,
5,NPK+Disturbance,1.211576667,0.326053333,14.13388667,2024-02-05T19:51:55Z,2024,36,217,217,
5,NPK+Disturbance,0.95331,0.362143333,19.32889,2024-02-06T18:13:54Z,2024,37,218,218,
5,NPK+Disturbance,0.891213333,0.300583333,19.16222333,2024-02-07T20:23:07Z,2024,38,219,219,
5,NPK+Disturbance,1.041013333,0.255583333,17.57777667,2024-03-25T16:03:30Z,2024,85,266,266,
5,NPK+Disturbance,0.8747,0.36514,12.87666667,2024-03-27T12:28:56Z,2024,87,268,268,
5,NPK+Disturbance,0.849143333,0.282933333,14.4,2024-03-29T13:54:51Z,2024,89,270,270,
5,NPK+Disturbance,1.357106667,0.181333333,21.84444333,2024-04-01T14:30:07Z,2024,92,273,273,
5,NPK+Disturbance,0.83874,0.34589,25.23166667,2024-07-30T12:47:35Z,2024,212,393,393,
5,NPK+Disturbance,1.801563333,0.288566667,31.87055667,2024-07-31T14:37:06Z,2024,213,394,394,
5,NPK+Disturbance,2.266523333,0.126,32.99611,2024-08-01T14:48:40Z,2024,214,395,395,
5,NPK+Disturbance,2.074093333,0.15155,30.93,2024-08-02T14:00:49Z,2024,215,396,396,
6,NPK+Disturbance,1.327,0,29.41666667,2023-06-06T12:42:00Z,2023,157,1,1,
6,NPK+Disturbance,1.397333333,0,35.75666667,2023-06-09T14:52:20Z,2023,160,4,4,
6,NPK+Disturbance,2.578,0.236666667,31.39666667,2023-06-12T16:54:00Z,2023,163,7,7,
6,NPK+Disturbance,1.81,0.17,33.82,2023-06-16T16:31:20Z,2023,167,11,11,
6,NPK+Disturbance,2.902666667,0.25,25.69666667,2023-06-23T16:00:20Z,2023,174,18,18,
6,NPK+Disturbance,3.434333333,0,25.6,2023-07-06T12:35:40Z,2023,187,31,31,
6,NPK+Disturbance,3.328,0.076666667,33.30333333,2023-08-05T14:20:40Z,2023,217,61,61,
6,NPK+Disturbance,5.351,0.273333333,34.94666667,2023-08-15T15:09:00Z,2023,227,71,71,
6,NPK+Disturbance,3.363333333,0,29.3,2023-09-11T14:16:00Z,2023,254,98,98,
6,NPK+Disturbance,2.287,0.013333333,29.7,2023-09-18T16:00:20Z,2023,261,105,105,
6,NPK+Disturbance,1.041,0,25.03333333,2023-09-25T14:39:20Z,2023,268,112,112,
6,NPK+Disturbance,1.260666667,0,31.4,2023-10-02T15:51:40Z,2023,275,119,119,
6,NPK+Disturbance,1.812243333,0.325356667,18.34,2024-01-29T19:42:29Z,2024,29,210,210,
6,NPK+Disturbance,0.681016667,0.365193333,16.59666667,2024-01-30T17:25:49Z,2024,30,211,211,
6,NPK+Disturbance,0.85853,0.348736667,18.98222333,2024-01-31T19:50:39Z,2024,31,212,212,
6,NPK+Disturbance,0.668126667,0.382044444,14.44666667,2024-02-05T19:46:05Z,2024,36,217,217,
6,NPK+Disturbance,0.88118,0.357193333,19.27555667,2024-02-06T18:08:41Z,2024,37,218,218,
6,NPK+Disturbance,0.741243333,0.353163333,18.86222333,2024-02-07T20:17:47Z,2024,38,219,219,
6,NPK+Disturbance,0.764893333,0.266523333,17.30111,2024-03-25T16:09:31Z,2024,85,266,266,
6,NPK+Disturbance,0.45802,0.370623333,13.02889,2024-03-27T12:34:32Z,2024,87,268,268,
6,NPK+Disturbance,0.579743333,0.30231,14.96722333,2024-03-29T14:00:03Z,2024,89,270,270,
6,NPK+Disturbance,0.902856667,0.1707,22.05333333,2024-04-01T14:35:07Z,2024,92,273,273,
6,NPK+Disturbance,2.30057,0.31534,25.3,2024-07-30T12:53:13Z,2024,212,393,393,
6,NPK+Disturbance,2.02936,0.289476667,31.09777667,2024-07-31T14:31:59Z,2024,213,394,394,
6,NPK+Disturbance,2.945813333,0.203966667,34.75111,2024-08-01T14:53:48Z,2024,214,395,395,
6,NPK+Disturbance,2.15594,0.143981111,25.36222,2024-08-02T12:16:25Z,2024,215,396,396,
7,Control,2.104333333,0,28.39,2023-06-06T12:51:00Z,2023,157,1,1,
7,Control,1.469333333,0,35.78,2023-06-09T15:02:40Z,2023,160,4,4,
7,Control,1.822,0.243333333,30.8,2023-06-12T16:46:20Z,2023,163,7,7,
7,Control,1.622,0.31,31.46333333,2023-06-16T15:07:20Z,2023,167,11,11,
7,Control,1.17,0.29,26.21,2023-06-23T16:02:20Z,2023,174,18,18,
7,Control,3.985,0.093333333,25.6,2023-07-06T12:27:40Z,2023,187,31,31,
7,Control,3.968,0.08,31.76333333,2023-08-05T14:35:20Z,2023,217,61,61,
7,Control,3.526333333,0.18,32.88666667,2023-08-15T15:02:00Z,2023,227,71,71,
7,Control,2.227666667,0.01,30.7,2023-09-11T14:38:00Z,2023,254,98,98,
7,Control,2.195333333,0,29.3,2023-09-18T15:54:20Z,2023,261,105,105,
7,Control,1.244666667,0,24.6,2023-09-25T14:33:20Z,2023,268,112,112,
7,Control,1.076333333,0,26.93333333,2023-10-02T14:43:40Z,2023,275,119,119,
7,Control,0.74611,0.26979,17.785,2024-01-29T19:35:59Z,2024,29,210,210,
7,Control,0.58231,0.344523333,16,2024-01-30T17:20:20Z,2024,30,211,211,
7,Control,0.816906667,0.2635,18.62888667,2024-01-31T19:45:31Z,2024,31,212,212,
7,Control,0.610996667,0.366983333,14.6,2024-02-05T19:40:03Z,2024,36,217,217,
7,Control,0.710633333,0.282633333,19.04889,2024-02-06T18:03:40Z,2024,37,218,218,
7,Control,0.794826667,0.24691,18.53333333,2024-02-07T20:12:45Z,2024,38,219,219,
7,Control,0.910163333,0.227683333,17.81777667,2024-03-25T16:14:36Z,2024,85,266,266,
7,Control,0.738566667,0.279383333,12.78222333,2024-03-27T12:48:00Z,2024,87,268,268,
7,Control,0.832863333,0.31097,15.36166667,2024-03-29T14:05:09Z,2024,89,270,270,
7,Control,1.11732,0.2283,22.27666667,2024-04-01T14:40:10Z,2024,92,273,273,
7,Control,2.41149,0.301996667,26.09833333,2024-07-30T13:00:19Z,2024,212,393,393,
7,Control,3.159403333,0.323843333,30.1,2024-07-31T14:26:58Z,2024,213,394,394,
7,Control,3.517153333,0.22524,29.485,2024-08-01T13:34:39Z,2024,214,395,395,
7,Control,3.630873333,0.094533333,24.31777667,2024-08-02T12:10:55Z,2024,215,396,396,
8,Disturbance,0.896333333,0,29.68666667,2023-06-06T13:00:00Z,2023,157,1,1,
8,Disturbance,0.941,0,35.74666667,2023-06-09T15:10:40Z,2023,160,4,4,
8,Disturbance,2.458,0.236666667,31.82,2023-06-12T16:36:40Z,2023,163,7,7,
8,Disturbance,1.746666667,0.116666667,32.85666667,2023-06-16T15:00:20Z,2023,167,11,11,
8,Disturbance,2.817,0.28,30.09666667,2023-06-23T16:17:20Z,2023,174,18,18,
8,Disturbance,2.272666667,0,25.2,2023-07-06T12:19:00Z,2023,187,31,31,
8,Disturbance,5.142333333,0.12,34.11666667,2023-08-05T14:43:20Z,2023,217,61,61,
8,Disturbance,5.111666667,0.216666667,34.54333333,2023-08-15T14:55:00Z,2023,227,71,71,
8,Disturbance,2.231333333,0,33.06666667,2023-09-11T14:50:00Z,2023,254,98,98,
8,Disturbance,2.619666667,0,28.7,2023-09-18T15:48:20Z,2023,261,105,105,
8,Disturbance,1.753333333,0,24.1,2023-09-25T14:27:20Z,2023,268,112,112,
8,Disturbance,1.405333333,0,27.4,2023-10-02T14:49:20Z,2023,275,119,119,
8,Disturbance,0.937003333,0.361466667,18.92222333,2024-01-29T19:48:44Z,2024,29,210,210,
8,Disturbance,0.634093333,0.374176667,17.39777667,2024-01-30T17:31:14Z,2024,30,211,211,
8,Disturbance,0.77644,0.28543,19.81888667,2024-01-31T19:55:37Z,2024,31,212,212,
8,Disturbance,0.393876667,0.33235,15.21611,2024-02-05T19:33:41Z,2024,36,217,217,
8,Disturbance,0.717103333,0.33491,18.69333333,2024-02-06T17:58:19Z,2024,37,218,218,
8,Disturbance,0.76834,0.35414,18.41111,2024-02-07T19:56:49Z,2024,38,219,219,
8,Disturbance,0.723543333,0.24651,17.30555667,2024-03-25T16:20:29Z,2024,85,266,266,
8,Disturbance,0.671386667,0.356966667,13,2024-03-27T12:54:48Z,2024,87,268,268,
8,Disturbance,0.70079,0.34348,16.39111,2024-03-29T14:10:12Z,2024,89,270,270,
8,Disturbance,0.879246667,0.132683333,17.92166667,2024-04-01T13:08:14Z,2024,92,273,273,
8,Disturbance,1.41697,0.301779444,25.9,2024-07-30T13:06:07Z,2024,212,393,393,
8,Disturbance,1.777856667,0.268916667,29.51166667,2024-07-31T14:21:28Z,2024,213,394,394,
8,Disturbance,1.66439,0.160243333,28.52166667,2024-08-01T13:24:36Z,2024,214,395,395,
8,Disturbance,1.762013333,0.147443333,26.50555667,2024-08-02T12:32:45Z,2024,215,396,396,
9,NPK,0.945333333,0,27.81666667,2023-06-06T13:08:00Z,2023,157,1,1,
9,NPK,1.135,0,36.05,2023-06-09T15:18:20Z,2023,160,4,4,
9,NPK,1.707666667,0.12,29.16666667,2023-06-12T16:29:40Z,2023,163,7,7,
9,NPK,1.658,0.19,NA,2023-06-16T14:54:20Z,2023,167,11,11,
9,NPK,1.367,0.21,27.75333333,2023-06-23T16:23:20Z,2023,174,18,18,
9,NPK,2.693666667,0.046666667,24.6,2023-07-06T12:10:40Z,2023,187,31,31,
9,NPK,2.953666667,0,32.50333333,2023-08-05T14:51:20Z,2023,217,61,61,
9,NPK,3.236,0.103333333,30.58666667,2023-08-15T14:49:00Z,2023,227,71,71,
9,NPK,1.7325,0,33.4,2023-09-11T14:57:00Z,2023,254,98,98,
9,NPK,1.972333333,0,28.8,2023-09-18T15:43:00Z,2023,261,105,105,
9,NPK,1.002333333,0,23.9,2023-09-25T14:21:40Z,2023,268,112,112,
9,NPK,0.773666667,0,27.5,2023-10-02T14:54:40Z,2023,275,119,119,
9,NPK,0.890203333,0.217216667,17.25611,2024-01-29T20:14:34Z,2024,29,210,210,
9,NPK,0.724033333,0.21991,17.28111,2024-01-30T17:47:37Z,2024,30,211,211,
9,NPK,0.824606667,0.2162,19.78,2024-01-31T20:00:37Z,2024,31,212,212,
9,NPK,0.793413333,0.176513333,15.69277667,2024-02-05T19:28:39Z,2024,36,217,217,
9,NPK,0.756146667,0.23556,18.48555667,2024-02-06T17:53:12Z,2024,37,218,218,
9,NPK,0.62048,0.19616,18.34278,2024-02-07T20:02:01Z,2024,38,219,219,
9,NPK,0.747683333,0.074533333,17.07777667,2024-03-25T16:25:49Z,2024,85,266,266,
9,NPK,0.960273333,0.05465,13.05444333,2024-03-27T13:03:45Z,2024,87,268,268,
9,NPK,0.809733333,0.207213333,17.49,2024-03-29T14:15:37Z,2024,89,270,270,
9,NPK,1.084183333,0.106756667,17.66666667,2024-04-01T13:03:20Z,2024,92,273,273,
9,NPK,2.896103333,0.235076667,26.1,2024-07-30T13:12:42Z,2024,212,393,393,
9,NPK,3.412296667,0.265556667,28.97333333,2024-07-31T14:16:27Z,2024,213,394,394,
9,NPK,2.952893333,0.202483333,27.4,2024-08-01T13:09:08Z,2024,214,395,395,
9,NPK,3.100216667,0.126233333,26.9,2024-08-02T12:37:59Z,2024,215,396,396,
10,NPK,1.115,0,29.15333333,2023-06-06T13:15:00Z,2023,157,1,1,
10,NPK,1.458333333,0,38.2,2023-06-09T15:26:00Z,2023,160,4,4,
10,NPK,2.058666667,0.283333333,30.7,2023-06-12T16:22:20Z,2023,163,7,7,
10,NPK,2.026333333,0.26,NA,2023-06-16T14:48:00Z,2023,167,11,11,
10,NPK,1.921666667,0.19,29.54,2023-06-23T16:31:00Z,2023,174,18,18,
10,NPK,3.607333333,0.01,24.1,2023-07-06T12:03:00Z,2023,187,31,31,
10,NPK,3.119333333,0,32.41333333,2023-08-05T14:59:00Z,2023,217,61,61,
10,NPK,4.281333333,0.23,30.20333333,2023-08-15T14:39:40Z,2023,227,71,71,
10,NPK,2.048666667,0,32.6,2023-09-11T15:07:00Z,2023,254,98,98,
10,NPK,2.052666667,0,29.3,2023-09-18T15:37:20Z,2023,261,105,105,
10,NPK,1.018,0,23.9,2023-09-25T14:15:20Z,2023,268,112,112,
10,NPK,0.887,0,27.6,2023-10-02T15:00:40Z,2023,275,119,119,
10,NPK,0.556696667,0.296586667,17.95,2024-01-29T20:27:11Z,2024,29,210,210,
10,NPK,0.59973,0.233013333,18.46833333,2024-01-30T18:03:39Z,2024,30,211,211,
10,NPK,0.56194,0.237943333,16.83,2024-01-31T18:23:32Z,2024,31,212,212,
10,NPK,0.5909,0.289973333,15.5,2024-02-05T19:17:38Z,2024,36,217,217,
10,NPK,0.537153333,0.2852,19.03666667,2024-02-06T19:49:57Z,2024,37,218,218,
10,NPK,0.41361,0.215283333,15.33666667,2024-02-07T21:36:35Z,2024,38,219,219,
10,NPK,0.822043333,0.2675,17.09722,2024-03-25T16:36:24Z,2024,85,266,266,
10,NPK,0.906036667,0.320146667,13.8,2024-03-27T13:19:38Z,2024,87,268,268,
10,NPK,0.806033333,0.27545,18.80333333,2024-03-29T14:25:57Z,2024,89,270,270,
10,NPK,1.077483333,0.201256667,17.18444333,2024-04-01T12:53:13Z,2024,92,273,273,
10,NPK,2.10917,0.33956,26.60833333,2024-07-30T13:25:23Z,2024,212,393,393,
10,NPK,2.375346667,0.24361,28.44333333,2024-07-31T14:05:53Z,2024,213,394,394,
10,NPK,2.390883333,0.173326667,27.065,2024-08-01T12:58:45Z,2024,214,395,395,
10,NPK,2.92015,0.082406667,27.8,2024-08-02T12:59:17Z,2024,215,396,396,
11,NPK,1.192333333,0,28.70333333,2023-06-06T13:23:00Z,2023,157,1,1,
11,NPK,1.21,0,36.82,2023-06-09T15:33:40Z,2023,160,4,4,
11,NPK,4.504666667,0.16,30.49666667,2023-06-12T16:14:40Z,2023,163,7,7,
11,NPK,2.491333333,0.24,NA,2023-06-16T14:41:20Z,2023,167,11,11,
11,NPK,2.879,0.126666667,30.99666667,2023-06-23T16:38:20Z,2023,174,18,18,
11,NPK,3.730333333,0.133333333,23.9,2023-07-06T11:53:00Z,2023,187,31,31,
11,NPK,3.374333333,0,33.65666667,2023-08-05T15:06:40Z,2023,217,61,61,
11,NPK,3.472666667,0.263333333,31.54666667,2023-08-15T14:31:20Z,2023,227,71,71,
11,NPK,1.780333333,0.016666667,32.3,2023-09-11T15:13:00Z,2023,254,98,98,
11,NPK,2.175,0.026666667,29.5,2023-09-18T15:31:20Z,2023,261,105,105,
11,NPK,1.067333333,0,23.9,2023-09-25T14:09:20Z,2023,268,112,112,
11,NPK,0.780333333,0,27.93333333,2023-10-02T15:06:20Z,2023,275,119,119,
11,NPK,0.66856,0.354656667,17.09889,2024-01-29T20:39:34Z,2024,29,210,210,
11,NPK,0.634713333,0.29498,17.50555333,2024-01-30T18:09:13Z,2024,30,211,211,
11,NPK,0.661473333,0.346746667,16.44111,2024-01-31T18:29:22Z,2024,31,212,212,
11,NPK,0.634596667,0.363813333,15.85778,2024-02-05T19:11:46Z,2024,36,217,217,
11,NPK,0.54986,0.31681,18.22555667,2024-02-06T19:55:31Z,2024,37,218,218,
11,NPK,0.43974,0.33925,16.40222333,2024-02-07T21:31:17Z,2024,38,219,219,
11,NPK,1.07388,0.209406667,16.44222333,2024-03-25T16:42:13Z,2024,85,266,266,
11,NPK,0.983683333,0.3404,13.93333333,2024-03-27T13:27:08Z,2024,87,268,268,
11,NPK,0.967763333,0.300943333,18.49,2024-03-29T14:30:57Z,2024,89,270,270,
11,NPK,1.107453333,0.310466667,17.2,2024-04-01T12:47:52Z,2024,92,273,273,
11,NPK,3.181653333,0.33161,26.4,2024-07-30T13:31:37Z,2024,212,393,393,
11,NPK,4.579876667,0.255083333,28.66166667,2024-07-31T14:00:30Z,2024,213,394,394,
11,NPK,3.998256667,0.180406667,27.17166667,2024-08-01T12:43:04Z,2024,214,395,395,
11,NPK,3.673043333,0.164033333,27.99333333,2024-08-02T13:04:29Z,2024,215,396,396,
12,Disturbance,0.9,0,29.38333333,2023-06-06T13:32:00Z,2023,157,1,1,
12,Disturbance,0.906666667,0,37.52,2023-06-09T15:41:20Z,2023,160,4,4,
12,Disturbance,3.229,0.17,29.88333333,2023-06-12T16:04:30Z,2023,163,7,7,
12,Disturbance,0.962666667,0.24,NA,2023-06-16T14:36:00Z,2023,167,11,11,
12,Disturbance,2.931333333,0.19,31.12666667,2023-06-23T16:47:40Z,2023,174,18,18,
12,Disturbance,1.841666667,0.046666667,23.56666667,2023-07-06T11:46:00Z,2023,187,31,31,
12,Disturbance,3.113,0.206666667,35.26,2023-08-05T15:14:20Z,2023,217,61,61,
12,Disturbance,4.324,0.29,33.16,2023-08-15T14:24:00Z,2023,227,71,71,
12,Disturbance,1.137,0,32.53333333,2023-09-11T15:19:00Z,2023,254,98,98,
12,Disturbance,0.969666667,0.003333333,29,2023-09-18T15:25:20Z,2023,261,105,105,
12,Disturbance,0.595,0,23.9,2023-09-25T14:02:30Z,2023,268,112,112,
12,Disturbance,0.592333333,0,28.7,2023-10-02T15:11:40Z,2023,275,119,119,
12,Disturbance,1.071386667,0.375186667,15.58333333,2024-01-29T20:45:50Z,2024,29,210,210,
12,Disturbance,0.655863333,0.378096667,17.65166667,2024-01-30T18:14:28Z,2024,30,211,211,
12,Disturbance,0.615416667,0.376202222,16.99611,2024-01-31T18:34:31Z,2024,31,212,212,
12,Disturbance,0.455826667,0.388,15.4,2024-02-05T18:52:08Z,2024,36,217,217,
12,Disturbance,0.61718,0.367993333,20.07889,2024-02-06T19:29:08Z,2024,37,218,218,
12,Disturbance,0.44281,0.361376667,16.625,2024-02-07T21:15:55Z,2024,38,219,219,
12,Disturbance,0.6097,0.29491,16.57666667,2024-03-25T16:47:15Z,2024,85,266,266,
12,Disturbance,0.45287,0.346173333,13.8,2024-03-27T13:34:45Z,2024,87,268,268,
12,Disturbance,0.593693333,0.36144,18.50444333,2024-03-29T14:36:03Z,2024,89,270,270,
12,Disturbance,0.43698,0.176206667,16.98111,2024-04-01T12:26:33Z,2024,92,273,273,
12,Disturbance,0.89675,0.3261,26.69111,2024-07-30T13:37:16Z,2024,212,393,393,
12,Disturbance,1.420063333,0.33212,28.15555667,2024-07-31T13:55:17Z,2024,213,394,394,
12,Disturbance,1.503543333,0.25463,26.41111,2024-08-01T12:37:49Z,2024,214,395,395,
12,Disturbance,1.739173333,0.182243333,28.98666667,2024-08-02T13:19:46Z,2024,215,396,396,
13,NPK+Disturbance,1.091,0,30.62666667,2023-06-06T13:41:00Z,2023,157,1,1,
13,NPK+Disturbance,1.101666667,0,38.81333333,2023-06-09T15:48:40Z,2023,160,4,4,
13,NPK+Disturbance,8.371,0.086666667,30.48666667,2023-06-12T15:55:20Z,2023,163,7,7,
13,NPK+Disturbance,1.266666667,0.16,NA,2023-06-16T14:15:00Z,2023,167,11,11,
13,NPK+Disturbance,2.808,0.24,30.13666667,2023-06-23T16:55:00Z,2023,174,18,18,
13,NPK+Disturbance,3.020333333,0.03,23.03333333,2023-07-06T11:36:40Z,2023,187,31,31,
13,NPK+Disturbance,3.266,0,35.39,2023-08-05T15:21:40Z,2023,217,61,61,
13,NPK+Disturbance,4.307,0.213333333,31.51666667,2023-08-15T14:15:40Z,2023,227,71,71,
13,NPK+Disturbance,3.282666667,0,33.8,2023-09-11T15:25:00Z,2023,254,98,98,
13,NPK+Disturbance,1.400333333,0,27.03333333,2023-09-18T15:18:40Z,2023,261,105,105,
13,NPK+Disturbance,0.818666667,0,23.9,2023-09-25T13:57:30Z,2023,268,112,112,
13,NPK+Disturbance,0.763666667,0,29.4,2023-10-02T15:17:40Z,2023,275,119,119,
13,NPK+Disturbance,0.999366667,0.32923,15.53611333,2024-01-29T17:05:41Z,2024,29,210,210,
13,NPK+Disturbance,1.306506667,0.298053333,18.77389,2024-01-30T18:35:13Z,2024,30,211,211,
13,NPK+Disturbance,1.08092,0.322433333,20.42444333,2024-01-31T19:16:19Z,2024,31,212,212,
13,NPK+Disturbance,0.588913333,0.368806667,12.81111,2024-02-05T17:21:28Z,2024,36,217,217,
13,NPK+Disturbance,1.145276667,0.343106667,20.34555667,2024-02-06T19:18:51Z,2024,37,218,218,
13,NPK+Disturbance,0.905273333,0.24979,16.98777667,2024-02-07T21:05:37Z,2024,38,219,219,
13,NPK+Disturbance,0.99141,0.144433333,16.33944667,2024-03-25T16:53:18Z,2024,85,266,266,
13,NPK+Disturbance,0.710413333,0.286166667,13.86222333,2024-03-27T13:42:36Z,2024,87,268,268,
13,NPK+Disturbance,0.683493333,0.299333333,12.32666667,2024-03-29T13:24:14Z,2024,89,270,270,
13,NPK+Disturbance,1.024166667,0.05191,17.08277667,2024-04-01T12:11:23Z,2024,92,273,273,
13,NPK+Disturbance,1.679316667,0.343586667,27.2,2024-07-30T13:43:30Z,2024,212,393,393,
13,NPK+Disturbance,1.882116667,0.300446667,26.99611,2024-07-31T13:49:52Z,2024,213,394,394,
13,NPK+Disturbance,2.620256667,0.160923333,24.17,2024-08-01T12:22:09Z,2024,214,395,395,
13,NPK+Disturbance,2.94076,0.141,30.1,2024-08-02T13:25:05Z,2024,215,396,396,
14,NPK,1.361333333,0,30.55,2023-06-06T13:48:00Z,2023,157,1,1,
14,NPK,1.382,0,38.35666667,2023-06-09T15:58:40Z,2023,160,4,4,
14,NPK,1.728,0.056666667,30.92,2023-06-12T15:47:20Z,2023,163,7,7,
14,NPK,0.971666667,0.086666667,33,2023-06-16T15:52:00Z,2023,167,11,11,
14,NPK,0.87,0.16,30.83333333,2023-06-23T17:10:40Z,2023,174,18,18,
14,NPK,2.446666667,0,35.3,2023-07-06T15:52:00Z,2023,187,31,31,
14,NPK,1.482333333,0,36.00666667,2023-08-05T16:07:40Z,2023,217,61,61,
14,NPK,1.424,0.11,29.72666667,2023-08-15T14:08:40Z,2023,227,71,71,
14,NPK,1.584333333,0,35.06666667,2023-09-11T15:39:00Z,2023,254,98,98,
14,NPK,1.639,0.013333333,26.6,2023-09-18T15:13:20Z,2023,261,105,105,
14,NPK,1.050333333,0,34.33333333,2023-09-25T16:18:40Z,2023,268,112,112,
14,NPK,0.793666667,0,23.3,2023-10-02T14:01:00Z,2023,275,119,119,
14,NPK,0.404083333,0.11225,8.869443333,2024-01-29T17:15:40Z,2024,29,210,210,
14,NPK,0.332433333,0.290823333,18.52444333,2024-01-30T18:40:37Z,2024,30,211,211,
14,NPK,0.436956667,0.247076667,20.22949,2024-01-31T19:21:32Z,2024,31,212,212,
14,NPK,0.366506667,0.311103333,12.70389,2024-02-05T17:27:24Z,2024,36,217,217,
14,NPK,0.325513333,0.226686667,20.20444333,2024-02-06T19:13:42Z,2024,37,218,218,
14,NPK,0.29511,0.2182,16.61777667,2024-02-07T21:10:41Z,2024,38,219,219,
14,NPK,0.657426667,0.228426667,16.87222333,2024-03-25T17:04:52Z,2024,85,266,266,
14,NPK,0.496853333,0.310981667,14.1,2024-03-27T13:50:40Z,2024,87,268,268,
14,NPK,0.393856667,0.289383333,11.535,2024-03-29T13:19:13Z,2024,89,270,270,
14,NPK,0.57708,0.22598,16.97444333,2024-04-01T12:16:26Z,2024,92,273,273,
14,NPK,1.97824,0.37681,26.74666667,2024-07-30T13:49:38Z,2024,212,393,393,
14,NPK,2.231756667,0.297676667,26.24,2024-07-31T13:44:58Z,2024,213,394,394,
14,NPK,2.457343333,0.241866667,24.98222333,2024-08-01T12:27:16Z,2024,214,395,395,
14,NPK,2.684206667,0.128933333,30.50166667,2024-08-02T13:30:08Z,2024,215,396,396,
15,Control,0.680666667,0,30.75333333,2023-06-06T13:57:00Z,2023,157,1,1,
15,Control,1.246,0,37.06,2023-06-09T16:06:20Z,2023,160,4,4,
15,Control,3.997333333,0.34,28.95666667,2023-06-12T15:39:20Z,2023,163,7,7,
15,Control,1.457,0.17,31.35666667,2023-06-16T15:45:40Z,2023,167,11,11,
15,Control,1.363333333,0.25,32.13,2023-06-23T17:19:20Z,2023,174,18,18,
15,Control,2.274,0.01,35.16666667,2023-07-06T15:59:20Z,2023,187,31,31,
15,Control,2.517,0.11,37.37333333,2023-08-05T16:21:00Z,2023,217,61,61,
15,Control,2.351,0.26,30.93333333,2023-08-15T14:00:40Z,2023,227,71,71,
15,Control,1.388,0,34.43333333,2023-09-11T15:46:00Z,2023,254,98,98,
15,Control,1.223666667,0,26.1,2023-09-18T15:06:20Z,2023,261,105,105,
15,Control,0.919333333,0,33.53333333,2023-09-25T16:13:00Z,2023,268,112,112,
15,Control,0.697,0,23.43333333,2023-10-02T14:08:30Z,2023,275,119,119,
15,Control,0.513956667,0.28593,15.03444667,2024-01-29T20:51:16Z,2024,29,210,210,
15,Control,0.476533333,0.25714,18.14778,2024-01-30T18:46:09Z,2024,30,211,211,
15,Control,0.566183333,0.27999,17.50666667,2024-01-31T18:39:31Z,2024,31,212,212,
15,Control,0.535533333,0.33859,15.35111,2024-02-05T18:47:25Z,2024,36,217,217,
15,Control,0.676196667,0.360506667,20.47666667,2024-02-06T19:24:15Z,2024,37,218,218,
15,Control,0.417553333,0.287376667,17.26444333,2024-02-07T21:20:50Z,2024,38,219,219,
15,Control,0.760546667,0.291266667,17.97444667,2024-03-25T17:10:31Z,2024,85,266,266,
15,Control,0.865153333,0.358082778,14.23333333,2024-03-27T13:58:15Z,2024,87,268,268,
15,Control,0.575013333,0.271753333,11.04777667,2024-03-29T13:13:58Z,2024,89,270,270,
15,Control,0.633893333,0.201,16.94333333,2024-04-01T12:21:34Z,2024,92,273,273,
15,Control,2.10055,0.355683333,26.83333333,2024-07-30T13:56:05Z,2024,212,393,393,
15,Control,2.124216667,0.31731,25.9,2024-07-31T13:39:42Z,2024,213,394,394,
15,Control,2.03325,0.249816667,25.55333333,2024-08-01T12:32:39Z,2024,214,395,395,
15,Control,2.023436667,0.132416667,28.3,2024-08-02T13:14:44Z,2024,215,396,396,
16,Control,0.771666667,0,31.6,2023-06-06T14:07:00Z,2023,157,1,1,
16,Control,1.237,0,36.33333333,2023-06-09T16:16:00Z,2023,160,4,4,
16,Control,4.165333333,0.306666667,28.80333333,2023-06-12T15:32:00Z,2023,163,7,7,
16,Control,2.080666667,0.146666667,31.72333333,2023-06-16T15:39:00Z,2023,167,11,11,
16,Control,2.189333333,0.17,32.73333333,2023-06-23T17:26:40Z,2023,174,18,18,
16,Control,3.586333333,0,35.3,2023-07-06T16:06:40Z,2023,187,31,31,
16,Control,3.957333333,0.01,37.24,2023-08-05T16:28:20Z,2023,217,61,61,
16,Control,4.103666667,0.13,29.01,2023-08-15T13:53:40Z,2023,227,71,71,
16,Control,1.74,0,35.96666667,2023-09-11T15:53:00Z,2023,254,98,98,
16,Control,1.541666667,0,25.8,2023-09-18T15:00:20Z,2023,261,105,105,
16,Control,1.027,0,33.1,2023-09-25T16:07:20Z,2023,268,112,112,
16,Control,0.798666667,0,24,2023-10-02T14:14:20Z,2023,275,119,119,
16,Control,0.97548,0.29742,16.75055667,2024-01-29T17:45:00Z,2024,29,210,210,
16,Control,0.778416667,0.243406667,17.96111,2024-01-30T19:57:44Z,2024,30,211,211,
16,Control,0.775693333,0.23475,17.67111,2024-01-31T18:18:16Z,2024,31,212,212,
16,Control,0.75061,0.294463333,15.07555333,2024-02-05T18:41:40Z,2024,36,217,217,
16,Control,0.890163333,0.27191,19.63333333,2024-02-06T19:34:39Z,2024,37,218,218,
16,Control,0.714646667,0.278316667,16.93333333,2024-02-07T21:26:05Z,2024,38,219,219,
16,Control,0.996576667,0.22975,19.05889,2024-03-25T17:15:32Z,2024,85,266,266,
16,Control,1.047813333,0.299143333,14.47388667,2024-03-27T14:05:19Z,2024,87,268,268,
16,Control,0.87375,0.267133333,10.15,2024-03-29T13:08:48Z,2024,89,270,270,
16,Control,1.24878,0.012793333,14.42,2024-04-01T12:31:42Z,2024,92,273,273,
16,Control,4.29222,0.321336667,27.02666667,2024-07-30T14:02:09Z,2024,212,393,393,
16,Control,2.969683333,0.29961,25.655,2024-07-31T13:34:40Z,2024,213,394,394,
16,Control,2.82942,0.13299,27.2,2024-08-01T12:48:17Z,2024,214,395,395,
16,Control,2.631476667,0.081753333,28.09,2024-08-02T13:09:37Z,2024,215,396,396,
17,NPK,1.348,0,31.47,2023-06-06T14:13:00Z,2023,157,1,1,
17,NPK,2.011333333,0,39.22666667,2023-06-09T16:21:40Z,2023,160,4,4,
17,NPK,4.030333333,0.126666667,29.13333333,2023-06-12T15:24:40Z,2023,163,7,7,
17,NPK,3.072666667,0.136666667,30.54666667,2023-06-16T15:33:40Z,2023,167,11,11,
17,NPK,3.535,0.16,30.77666667,2023-06-23T17:36:20Z,2023,174,18,18,
17,NPK,5.151333333,0,35.7,2023-07-06T16:13:40Z,2023,187,31,31,
17,NPK,5.092,0.003333333,34.38333333,2023-08-05T16:35:40Z,2023,217,61,61,
17,NPK,6.144333333,0.236666667,28.87666667,2023-08-15T13:46:20Z,2023,227,71,71,
17,NPK,2.510666667,0,35.7,2023-09-11T15:58:00Z,2023,254,98,98,
17,NPK,2.635666667,0.05,25.13333333,2023-09-18T14:55:00Z,2023,261,105,105,
17,NPK,1.247666667,0,32.06666667,2023-09-25T16:02:00Z,2023,268,112,112,
17,NPK,0.940333333,0,24.66666667,2023-10-02T14:19:40Z,2023,275,119,119,
17,NPK,1.056796667,0.25021,16.36222333,2024-01-29T17:52:36Z,2024,29,210,210,
17,NPK,1.176753333,0.284906667,17.83333333,2024-01-30T19:52:32Z,2024,30,211,211,
17,NPK,1.134616667,0.287226667,17.4,2024-01-31T18:13:04Z,2024,31,212,212,
17,NPK,1.004723333,0.25592,14.9,2024-02-05T18:36:43Z,2024,36,217,217,
17,NPK,1.038916667,0.29211,20.03333333,2024-02-06T19:39:44Z,2024,37,218,218,
17,NPK,0.817586667,0.182313333,14.84888667,2024-02-07T21:41:28Z,2024,38,219,219,
17,NPK,1.52742,0.253983333,20.04111,2024-03-25T17:21:56Z,2024,85,266,266,
17,NPK,1.41939,0.367236667,14.63333333,2024-03-27T14:12:41Z,2024,87,268,268,
17,NPK,0.987966667,0.350976667,9.232776667,2024-03-29T13:03:54Z,2024,89,270,270,
17,NPK,1.850933333,0.166333333,17.2,2024-04-01T12:36:46Z,2024,92,273,273,
17,NPK,4.19491,0.358776667,27.55666667,2024-07-30T14:09:18Z,2024,212,393,393,
17,NPK,4.156603333,0.261243333,25.58333333,2024-07-31T13:29:30Z,2024,213,394,394,
17,NPK,3.92933,0.204053333,26.98666667,2024-08-01T12:53:28Z,2024,214,395,395,
17,NPK,4.22841,0.082476667,27.2,2024-08-02T12:48:37Z,2024,215,396,396,
18,NPK+Disturbance,1.099333333,0,34.55,2023-06-06T14:24:00Z,2023,157,1,1,
18,NPK+Disturbance,1.070333333,0,39.15666667,2023-06-09T16:30:00Z,2023,160,4,4,
18,NPK+Disturbance,14.416,0.19,28.04,2023-06-12T15:15:20Z,2023,163,7,7,
18,NPK+Disturbance,1.103666667,0.17,31.15333333,2023-06-16T15:26:20Z,2023,167,11,11,
18,NPK+Disturbance,2.337333333,0.25,32.93666667,2023-06-23T17:43:40Z,2023,174,18,18,
18,NPK+Disturbance,3.453666667,0.07,36.1,2023-07-06T16:22:20Z,2023,187,31,31,
18,NPK+Disturbance,10.19666667,0.02,37.72333333,2023-08-05T16:47:20Z,2023,217,61,61,
18,NPK+Disturbance,15.44966667,0.34,30.03,2023-08-15T13:39:00Z,2023,227,71,71,
18,NPK+Disturbance,2.994333333,0,36.1,2023-09-11T16:04:00Z,2023,254,98,98,
18,NPK+Disturbance,1.693333333,0,24.26666667,2023-09-18T14:48:40Z,2023,261,105,105,
18,NPK+Disturbance,1.246,0,31.2,2023-09-25T15:56:20Z,2023,268,112,112,
18,NPK+Disturbance,0.963333333,0,25.9,2023-10-02T14:25:40Z,2023,275,119,119,
18,NPK+Disturbance,1.507693333,0.363327778,17.50944333,2024-01-29T18:47:49Z,2024,29,210,210,
18,NPK+Disturbance,1.148423333,0.36795,17.71777667,2024-01-30T19:47:06Z,2024,30,211,211,
18,NPK+Disturbance,0.97776,0.37363,16.12777667,2024-01-31T17:59:30Z,2024,31,212,212,
18,NPK+Disturbance,1.2123,0.353276667,15.02222333,2024-02-05T18:31:08Z,2024,36,217,217,
18,NPK+Disturbance,0.97013,0.34612,17.15277667,2024-02-06T17:42:08Z,2024,37,218,218,
18,NPK+Disturbance,1.061696667,0.27309,15.06222333,2024-02-07T19:51:20Z,2024,38,219,219,
18,NPK+Disturbance,1.665596667,0.22698,21.14666667,2024-03-25T17:26:53Z,2024,85,266,266,
18,NPK+Disturbance,0.88672,0.346053333,14.66666667,2024-03-27T14:20:16Z,2024,87,268,268,
18,NPK+Disturbance,1.31849,0.060666667,17.2,2024-04-01T12:42:13Z,2024,92,273,273,
18,NPK+Disturbance,2.463583333,0.375075556,27.90666667,2024-07-30T14:15:03Z,2024,212,393,393,
18,NPK+Disturbance,2.24709,0.333203333,25.24333333,2024-07-31T13:24:24Z,2024,213,394,394,
18,NPK+Disturbance,4.101293333,0.249563333,27.8,2024-08-01T13:14:19Z,2024,214,395,395,
18,NPK+Disturbance,4.288726667,0.148333333,26.9,2024-08-02T12:43:20Z,2024,215,396,396,
19,NPK,1.203333333,0,33.79,2023-06-06T14:31:00Z,2023,157,1,1,
19,NPK,1.135666667,0,39.63666667,2023-06-09T16:38:00Z,2023,160,4,4,
19,NPK,2.099666667,0.34,27.4,2023-06-12T15:06:40Z,2023,163,7,7,
19,NPK,1.579333333,0.32,30.23,2023-06-16T15:19:40Z,2023,167,11,11,
19,NPK,1.791666667,0.21,29.88333333,2023-06-23T17:52:20Z,2023,174,18,18,
19,NPK,2.836,0.03,36.9,2023-07-06T16:41:00Z,2023,187,31,31,
19,NPK,2.559666667,0.09,37.24,2023-08-05T16:59:20Z,2023,217,61,61,
19,NPK,3.445666667,0.27,27.76,2023-08-15T13:29:20Z,2023,227,71,71,
19,NPK,1.657333333,0,35.96666667,2023-09-11T16:10:00Z,2023,254,98,98,
19,NPK,1.617666667,0.023333333,23.9,2023-09-18T14:42:40Z,2023,261,105,105,
19,NPK,1.017666667,0,31.6,2023-09-25T15:50:20Z,2023,268,112,112,
19,NPK,0.667,0,26.43333333,2023-10-02T14:31:40Z,2023,275,119,119,
19,NPK,0.87109,0.23989,16.73055667,2024-01-29T18:40:45Z,2024,29,210,210,
19,NPK,0.639806667,0.283843333,17.27722333,2024-01-30T19:41:30Z,2024,30,211,211,
19,NPK,0.864686667,0.284953333,16.64222333,2024-01-31T17:53:27Z,2024,31,212,212,
19,NPK,0.783646667,0.315883333,14.87889,2024-02-05T18:24:50Z,2024,36,217,217,
19,NPK,0.708756667,0.356193333,17.36889,2024-02-06T17:36:59Z,2024,37,218,218,
19,NPK,0.650706667,0.27879,18.74278,2024-02-07T19:45:52Z,2024,38,219,219,
19,NPK,0.93175,0.186666667,20.99444333,2024-03-25T17:33:05Z,2024,85,266,266,
19,NPK,0.944376667,0.359402778,14.73222333,2024-03-27T14:27:10Z,2024,87,268,268,
19,NPK,0.61616,0.31205,8.16,2024-03-29T12:52:55Z,2024,89,270,270,
19,NPK,1.030246667,0.09309,18.33,2024-04-01T13:13:22Z,2024,92,273,273,
19,NPK,3.161696667,0.357051667,28.45666667,2024-07-30T14:21:54Z,2024,212,393,393,
19,NPK,2.78728,0.31465,25.07666667,2024-07-31T13:19:24Z,2024,213,394,394,
19,NPK,3.210523333,0.2335,27.8,2024-08-01T13:19:37Z,2024,214,395,395,
19,NPK,3.196523333,0.14666,26.075,2024-08-02T12:26:54Z,2024,215,396,396,
20,Disturbance,1.200333333,0,36.71,2023-06-06T14:36:00Z,2023,157,1,1,
20,Disturbance,1.392666667,0,38.42333333,2023-06-09T16:47:00Z,2023,160,4,4,
20,Disturbance,8.746333333,0.28,28.8,2023-06-12T14:59:00Z,2023,163,7,7,
20,Disturbance,1.981666667,0.286666667,31.95666667,2023-06-16T15:13:40Z,2023,167,11,11,
20,Disturbance,4.313666667,0.326666667,32.56,2023-06-23T17:59:40Z,2023,174,18,18,
20,Disturbance,4.898666667,0.026666667,37.1,2023-07-06T16:47:00Z,2023,187,31,31,
20,Disturbance,6.293333333,0.09,39.37333333,2023-08-05T17:13:20Z,2023,217,61,61,
20,Disturbance,4.511,0.32,28.50333333,2023-08-15T13:22:00Z,2023,227,71,71,
20,Disturbance,2.184333333,0.01,35.3,2023-09-11T16:15:00Z,2023,254,98,98,
20,Disturbance,1.533333333,0.006666667,23.7,2023-09-18T14:36:20Z,2023,261,105,105,
20,Disturbance,1.223333333,0,30.63333333,2023-09-25T17:58:20Z,2023,268,112,112,
20,Disturbance,0.975666667,0,26.76666667,2023-10-02T14:37:40Z,2023,275,119,119,
20,Disturbance,0.76145,0.391826667,17.14277667,2024-01-29T18:33:27Z,2024,29,210,210,
20,Disturbance,0.784386667,0.337443333,17.44444667,2024-01-30T19:36:01Z,2024,30,211,211,
20,Disturbance,0.646996667,0.376277778,16.85777667,2024-01-31T17:47:31Z,2024,31,212,212,
20,Disturbance,0.73018,0.383666667,15.255,2024-02-05T18:19:38Z,2024,36,217,217,
20,Disturbance,0.60584,0.373572222,17.69,2024-02-06T17:31:45Z,2024,37,218,218,
20,Disturbance,0.687486667,0.349166667,18.46222333,2024-02-07T19:40:41Z,2024,38,219,219,
20,Disturbance,1.361673333,0.2413,21.23333333,2024-03-25T17:38:13Z,2024,85,266,266,
20,Disturbance,1.01497,0.356203333,14.90389,2024-03-27T14:34:17Z,2024,87,268,268,
20,Disturbance,0.70477,0.294276667,8.092776667,2024-03-29T12:47:50Z,2024,89,270,270,
20,Disturbance,0.962766667,0.1284,18.63,2024-04-01T13:18:17Z,2024,92,273,273,
20,Disturbance,3.493263333,0.35604,29.43666667,2024-07-30T14:27:30Z,2024,212,393,393,
20,Disturbance,1.989373333,0.34469,25.1,2024-07-31T13:14:09Z,2024,213,394,394,
20,Disturbance,2.837046667,0.268076667,29.5,2024-08-01T13:29:41Z,2024,214,395,395,
20,Disturbance,2.76791,0.178756667,25.9,2024-08-02T12:21:42Z,2024,215,396,396,
21,NPK+Disturbance,1.173,0,37.05,2023-06-06T14:45:00Z,2023,157,1,1,
21,NPK+Disturbance,1.505,0,41.13333333,2023-06-09T16:54:20Z,2023,160,4,4,
21,NPK+Disturbance,4.805333333,0.34,26.58666667,2023-06-12T14:50:40Z,2023,163,7,7,
21,NPK+Disturbance,2.813333333,0.35,33.90333333,2023-06-16T16:24:40Z,2023,167,11,11,
21,NPK+Disturbance,2.435333333,0.35,30.42666667,2023-06-23T18:10:20Z,2023,174,18,18,
21,NPK+Disturbance,4.769666667,0.13,37.4,2023-07-06T16:55:40Z,2023,187,31,31,
21,NPK+Disturbance,8.064,0.253333333,37.99333333,2023-08-05T17:19:30Z,2023,217,61,61,
21,NPK+Disturbance,10.44866667,0.3,28.04333333,2023-08-15T13:13:40Z,2023,227,71,71,
21,NPK+Disturbance,1.893333333,0,35.7,2023-09-11T16:21:00Z,2023,254,98,98,
21,NPK+Disturbance,1.490666667,0.05,24,2023-09-18T14:30:40Z,2023,261,105,105,
21,NPK+Disturbance,1.249,0,30.3,2023-09-25T15:39:20Z,2023,268,112,112,
21,NPK+Disturbance,0.838666667,0,31.5,2023-10-02T15:57:40Z,2023,275,119,119,
21,NPK+Disturbance,1.53086,0.357693333,17.51,2024-01-29T18:26:39Z,2024,29,210,210,
21,NPK+Disturbance,1.27232,0.33055,17.65333333,2024-01-30T19:30:49Z,2024,30,211,211,
21,NPK+Disturbance,1.075013333,0.364066667,17.53722333,2024-01-31T17:23:38Z,2024,31,212,212,
21,NPK+Disturbance,1.073486667,0.36574,15.79111,2024-02-05T18:13:23Z,2024,36,217,217,
21,NPK+Disturbance,0.953963333,0.394266667,18.78555667,2024-02-06T17:11:06Z,2024,37,218,218,
21,NPK+Disturbance,1.18144,0.349996667,19.19666667,2024-02-07T19:20:40Z,2024,38,219,219,
21,NPK+Disturbance,1.546533333,0.338993333,20.55333333,2024-03-25T17:43:12Z,2024,85,266,266,
21,NPK+Disturbance,1.173703333,0.36955,15.06722333,2024-03-27T14:42:15Z,2024,87,268,268,
21,NPK+Disturbance,0.763803333,0.332626667,7.750556667,2024-03-29T12:42:43Z,2024,89,270,270,
21,NPK+Disturbance,1.33175,0.21189,18.85222333,2024-04-01T13:23:24Z,2024,92,273,273,
21,NPK+Disturbance,7.20802,0.36365,30.27333333,2024-07-30T14:33:41Z,2024,212,393,393,
21,NPK+Disturbance,2.43615,0.317943333,24.9,2024-07-31T13:09:05Z,2024,213,394,394,
21,NPK+Disturbance,3.42122,0.26129,29.435,2024-08-01T13:39:43Z,2024,214,395,395,
21,NPK+Disturbance,4.473813333,0.121476667,32.75222333,2024-08-02T14:44:26Z,2024,215,396,396,
22,Control,1.663333333,0,39.16,2023-06-06T14:52:00Z,2023,157,1,1,
22,Control,1.918333333,0,40.25666667,2023-06-09T17:03:00Z,2023,160,4,4,
22,Control,6.366333333,0,26.76666667,2023-06-12T14:43:20Z,2023,163,7,7,
22,Control,3.028,0.09,32.78666667,2023-06-16T16:18:00Z,2023,167,11,11,
22,Control,3.852666667,0.1,32.47,2023-06-23T18:18:40Z,2023,174,18,18,
22,Control,5.788666667,0,37.4,2023-07-06T17:02:00Z,2023,187,31,31,
22,Control,4.379666667,0.056666667,39.73666667,2023-08-05T17:28:20Z,2023,217,61,61,
22,Control,6.061,0.31,26.72333333,2023-08-15T13:03:00Z,2023,227,71,71,
22,Control,3.394666667,0,35.43333333,2023-09-11T16:27:00Z,2023,254,98,98,
22,Control,2.770333333,0.126666667,23.83333333,2023-09-18T14:24:40Z,2023,261,105,105,
22,Control,1.917333333,0,30.6,2023-09-25T15:33:40Z,2023,268,112,112,
22,Control,1.467666667,0,31.6,2023-10-02T16:03:40Z,2023,275,119,119,
22,Control,0.97454,0.378,17.58777667,2024-01-29T18:19:56Z,2024,29,210,210,
22,Control,0.929986667,0.308023333,18.26666667,2024-01-30T19:25:39Z,2024,30,211,211,
22,Control,0.99702,0.369423333,16.59333333,2024-01-31T17:36:11Z,2024,31,212,212,
22,Control,0.897363333,0.434316667,16.45444333,2024-02-05T18:07:28Z,2024,36,217,217,
22,Control,0.73994,0.369393333,16.79944667,2024-02-06T17:21:43Z,2024,37,218,218,
22,Control,0.859456667,0.364693333,18.48222,2024-02-07T19:30:45Z,2024,38,219,219,
22,Control,1.58914,0.36524,20.00444333,2024-03-25T17:48:14Z,2024,85,266,266,
22,Control,1.66369,0.407,15.85944333,2024-03-27T14:52:51Z,2024,87,268,268,
22,Control,1.073593333,0.368666667,7.433333333,2024-03-29T12:37:41Z,2024,89,270,270,
22,Control,1.867136667,0.24761,19.79777667,2024-04-01T13:33:35Z,2024,92,273,273,
22,Control,5.242413333,0.379495,30.63777667,2024-07-30T14:48:00Z,2024,212,393,393,
22,Control,4.777436667,0.224123333,24.42,2024-07-31T12:58:45Z,2024,213,394,394,
22,Control,5.308743333,0.308333333,29.7,2024-08-01T13:49:55Z,2024,214,395,395,
22,Control,5.182516667,0.275883333,32.3,2024-08-02T14:33:53Z,2024,215,396,396,
23,Disturbance,1.099,0,34.58,2023-06-06T15:12:00Z,2023,157,1,1,
23,Disturbance,1.617666667,0,40.71,2023-06-09T17:10:40Z,2023,160,4,4,
23,Disturbance,7.418,0.34,26.75,2023-06-12T14:34:40Z,2023,163,7,7,
23,Disturbance,2.838666667,0.306666667,32.27666667,2023-06-16T16:12:20Z,2023,167,11,11,
23,Disturbance,3.695666667,0.21,31.96666667,2023-06-23T18:26:20Z,2023,174,18,18,
23,Disturbance,4.259,0.006666667,38.53333333,2023-07-06T17:08:00Z,2023,187,31,31,
23,Disturbance,5.056,0.06,40.25,2023-08-05T17:34:20Z,2023,217,61,61,
23,Disturbance,1.406333333,0.27,26.05333333,2023-08-15T12:54:40Z,2023,227,71,71,
23,Disturbance,1.580333333,0,35.7,2023-09-11T17:32:00Z,2023,254,98,98,
23,Disturbance,1.010333333,0,23.1,2023-09-18T14:18:40Z,2023,261,105,105,
23,Disturbance,0.81,0,31.1,2023-09-25T15:28:20Z,2023,268,112,112,
23,Disturbance,0.771,0,31.4,2023-10-02T16:09:00Z,2023,275,119,119,
23,Disturbance,0.66125,0.344133333,16.83444333,2024-01-29T18:06:13Z,2024,29,210,210,
23,Disturbance,0.86343,0.317293333,19.1,2024-01-30T19:14:57Z,2024,30,211,211,
23,Disturbance,0.706926667,0.33271,15.94889,2024-01-31T17:41:19Z,2024,31,212,212,
23,Disturbance,0.67558,0.3626,15.82222,2024-02-05T17:56:06Z,2024,36,217,217,
23,Disturbance,0.607646667,0.331466667,17.04389,2024-02-06T17:26:33Z,2024,37,218,218,
23,Disturbance,0.881483333,0.36194,17.95,2024-02-07T19:35:36Z,2024,38,219,219,
23,Disturbance,1.47166,0.255125556,20.26111,2024-03-25T17:53:48Z,2024,85,266,266,
23,Disturbance,0.751263333,0.323991111,13.81666667,2024-03-27T15:00:03Z,2024,87,268,268,
23,Disturbance,0.726313333,0.262356667,7.791113333,2024-03-29T12:23:59Z,2024,89,270,270,
23,Disturbance,0.93582,0.12689,20.08111,2024-04-01T13:38:33Z,2024,92,273,273,
23,Disturbance,3.691776667,0.374,31.30833333,2024-07-30T14:53:24Z,2024,212,393,393,
23,Disturbance,2.176466667,0.34082,24.14333333,2024-07-31T12:53:33Z,2024,213,394,394,
23,Disturbance,2.920163333,0.2335,30.05,2024-08-01T13:54:51Z,2024,214,395,395,
23,Disturbance,2.617,0.22665,31.67833333,2024-08-02T14:27:58Z,2024,215,396,396,
24,NPK,1.795666667,0,37.355,2023-06-06T15:19:00Z,2023,157,1,1,
24,NPK,1.490666667,0,41.89333333,2023-06-09T17:36:20Z,2023,160,4,4,
24,NPK,2.905666667,0.316666667,26.28,2023-06-12T14:26:00Z,2023,163,7,7,
24,NPK,2.072666667,0.27,31.42666667,2023-06-16T16:05:00Z,2023,167,11,11,
24,NPK,2.232666667,0.31,32.61,2023-06-23T18:36:20Z,2023,174,18,18,
24,NPK,4.416333333,0.15,38,2023-07-06T17:19:00Z,2023,187,31,31,
24,NPK,3.705666667,0,39.93333333,2023-08-05T17:41:40Z,2023,217,61,61,
24,NPK,2.892,0.36,24.50333333,2023-08-15T12:44:00Z,2023,227,71,71,
24,NPK,1.896666667,0,36.36666667,2023-09-11T16:39:00Z,2023,254,98,98,
24,NPK,1.577666667,0,22.03333333,2023-09-18T14:07:00Z,2023,261,105,105,
24,NPK,1.141,0,31.3,2023-09-25T15:21:40Z,2023,268,112,112,
24,NPK,0.913,0,31.7,2023-10-02T16:15:20Z,2023,275,119,119,
24,NPK,0.778163333,0.319283333,16.19444667,2024-01-29T17:23:13Z,2024,29,210,210,
24,NPK,0.808753333,0.27276,17.78222333,2024-01-30T18:52:00Z,2024,30,211,211,
24,NPK,0.85969,0.32192,19.29,2024-01-31T19:26:42Z,2024,31,212,212,
24,NPK,0.768696667,0.323373333,13.34611,2024-02-05T17:32:46Z,2024,36,217,217,
24,NPK,0.927613333,0.297596667,18.2,2024-02-06T18:57:59Z,2024,37,218,218,
24,NPK,0.69402,0.33752,13.74111333,2024-02-07T21:52:05Z,2024,38,219,219,
24,NPK,1.59042,0.347566667,19.30889,2024-03-25T18:10:13Z,2024,85,266,266,
24,NPK,1.334586667,0.353493333,14.93333333,2024-03-27T15:18:31Z,2024,87,268,268,
24,NPK,0.74906,0.297993333,8.43,2024-03-29T12:13:36Z,2024,89,270,270,
24,NPK,1.513406667,0.275903333,20.18555667,2024-04-01T13:49:07Z,2024,92,273,273,
24,NPK,2.81759,0.26873,30.31833333,2024-07-30T15:07:17Z,2024,212,393,393,
24,NPK,2.564536667,0.346823333,23.76,2024-07-31T12:42:47Z,2024,213,394,394,
24,NPK,4.14431,0.222593333,29.195,2024-08-01T14:04:57Z,2024,214,395,395,
24,NPK,3.00163,0.157683333,31.15389,2024-08-02T14:16:52Z,2024,215,396,396,
25,NPK,2.113,0,39.84,2023-06-06T15:27:00Z,2023,157,1,1,
25,NPK,1.828666667,0,41.3,2023-06-09T17:29:20Z,2023,160,4,4,
25,NPK,3.759666667,0.246666667,24.54,2023-06-12T14:15:40Z,2023,163,7,7,
25,NPK,2.911333333,0.24,31.61666667,2023-06-16T15:58:40Z,2023,167,11,11,
25,NPK,2.787,0.28,31.72333333,2023-06-23T18:43:20Z,2023,174,18,18,
25,NPK,4.799,0.11,37.48,2023-07-06T17:25:40Z,2023,187,31,31,
25,NPK,3.989333333,0.07,39.79,2023-08-05T17:47:40Z,2023,217,61,61,
25,NPK,4.531666667,0.223333333,24.29333333,2023-08-15T12:38:20Z,2023,227,71,71,
25,NPK,2.019666667,0,36.23333333,2023-09-11T16:44:00Z,2023,254,98,98,
25,NPK,1.572333333,0,21.96666667,2023-09-18T14:11:40Z,2023,261,105,105,
25,NPK,1.166666667,0,30.3,2023-09-25T15:16:20Z,2023,268,112,112,
25,NPK,0.867666667,0,32.3,2023-10-02T16:20:20Z,2023,275,119,119,
25,NPK,0.97623,0.318833333,17.13889,2024-01-29T17:38:00Z,2024,29,210,210,
25,NPK,0.833086667,0.358,18.79111,2024-01-30T18:57:16Z,2024,30,211,211,
25,NPK,0.81273,0.237893333,14.37833333,2024-01-31T19:31:56Z,2024,31,212,212,
25,NPK,0.87886,0.330776667,13.96324,2024-02-05T17:37:53Z,2024,36,217,217,
25,NPK,0.838713333,0.368383333,19.06333333,2024-02-06T19:03:14Z,2024,37,218,218,
25,NPK,0.66237,0.31884,13.84611,2024-02-07T21:57:04Z,2024,38,219,219,
25,NPK,1.740673333,0.32305,20.51111,2024-03-25T18:15:11Z,2024,85,266,266,
25,NPK,1.209076667,0.364288333,17.35,2024-03-27T15:24:09Z,2024,87,268,268,
25,NPK,0.8386,0.329326667,10.04889,2024-03-29T12:03:35Z,2024,89,270,270,
25,NPK,1.72139,0.196603333,20.41889,2024-04-01T13:54:01Z,2024,92,273,273,
25,NPK,3.39221,0.339331111,30.1,2024-07-30T15:13:02Z,2024,212,393,393,
25,NPK,2.800756667,0.269956667,23.31222333,2024-07-31T12:37:52Z,2024,213,394,394,
25,NPK,3.26189,0.206783333,29.31833333,2024-08-01T14:09:59Z,2024,214,395,395,
25,NPK,3.553533333,0.097706667,31.6,2024-08-02T14:12:00Z,2024,215,396,396,